order_id,product_id,quantity,unit_price,line_total
1,20,1,120,120
1,5,2,55,110
1,8,1,45,45
1,6,1,38,38
2,4,1,78,78
2,13,2,320,640
3,1,1,45,45
3,22,2,155,310
4,22,1,155,155
4,18,2,125,250
4,11,1,55,55
4,1,3,45,135
5,14,1,280,280
5,20,2,120,240
5,17,3,190,570
6,12,1,110,110
6,14,3,280,840
7,17,2,190,380
7,10,2,35,70
7,22,2,155,310
8,22,2,155,310
8,6,2,38,76
8,20,3,120,360
8,19,1,160,160
9,15,3,165,495
9,22,2,155,310
9,7,3,42,126
10,3,2,40,80
10,8,1,45,45
10,22,1,155,155
11,15,2,165,330
12,8,1,45,45
12,5,2,55,110
12,21,1,180,180
12,1,1,45,45
13,15,1,165,165
14,20,2,120,240
14,17,1,190,190
14,14,3,280,840
14,18,2,125,250
15,21,1,180,180
15,8,3,45,135
15,9,2,30,60
15,15,1,165,165
16,8,3,45,135
16,13,1,320,320
17,14,3,280,840
17,2,3,35,105
17,7,1,42,42
17,13,3,320,960
18,14,2,280,560
18,18,1,125,125
18,20,2,120,240
18,8,2,45,90
19,15,3,165,495
19,5,3,55,165
20,3,3,40,120
21,11,2,55,110
21,7,2,42,84
21,15,2,165,330
21,13,1,320,320
22,21,3,180,540
22,3,1,40,40
23,16,1,145,145
23,22,3,155,465
24,6,2,38,76
25,13,3,320,960
25,7,3,42,126
25,3,1,40,40
25,19,1,160,160
26,12,3,110,330
27,1,1,45,45
27,14,2,280,560
27,16,2,145,290
28,17,2,190,380
28,21,3,180,540
29,11,2,55,110
29,8,2,45,90
29,3,1,40,40
30,16,2,145,290
31,20,1,120,120
31,9,3,30,90
31,18,1,125,125
32,16,3,145,435
32,21,2,180,360
33,8,2,45,90
33,10,2,35,70
33,22,3,155,465
33,19,3,160,480
34,9,3,30,90
34,10,1,35,35
34,8,2,45,90
34,4,1,78,78
35,9,2,30,60
35,19,1,160,160
35,17,1,190,190
35,20,2,120,240
36,9,1,30,30
36,2,3,35,105
37,19,2,160,320
38,16,2,145,290
38,4,2,78,156
38,3,1,40,40
39,3,3,40,120
39,8,2,45,90
39,4,3,78,234
40,15,2,165,330
40,10,3,35,105
40,19,3,160,480
40,14,1,280,280
41,6,1,38,38
42,20,1,120,120
42,16,2,145,290
42,10,3,35,105
42,2,2,35,70
43,14,3,280,840
43,4,1,78,78
44,10,3,35,105
44,20,3,120,360
45,9,2,30,60
45,17,1,190,190
45,18,3,125,375
45,16,1,145,145
46,8,3,45,135
47,6,2,38,76
48,21,2,180,360
48,16,2,145,290
48,3,2,40,80
48,12,3,110,330
49,10,1,35,35
49,22,2,155,310
49,13,1,320,320
49,18,2,125,250
50,14,2,280,560
50,2,3,35,105
50,7,2,42,84
50,17,3,190,570
51,10,3,35,105
51,15,2,165,330
52,10,1,35,35
52,18,3,125,375
53,16,3,145,435
53,10,3,35,105
54,13,3,320,960
54,7,3,42,126
55,1,3,45,135
55,10,3,35,105
55,19,2,160,320
56,15,3,165,495
56,11,2,55,110
56,7,1,42,42
56,8,2,45,90
57,16,1,145,145
57,2,3,35,105
58,1,1,45,45
58,5,1,55,55
58,14,2,280,560
58,21,2,180,360
59,11,1,55,55
59,21,3,180,540
59,16,1,145,145
59,18,1,125,125
60,21,3,180,540
61,11,1,55,55
62,19,3,160,480
62,22,2,155,310
62,6,3,38,114
62,3,3,40,120
63,15,1,165,165
63,9,2,30,60
63,22,2,155,310
64,21,2,180,360
64,14,2,280,560
64,9,1,30,30
65,19,3,160,480
65,10,2,35,70
65,1,2,45,90
66,10,1,35,35
66,8,3,45,135
66,20,1,120,120
66,12,3,110,330
67,21,3,180,540
68,3,2,40,80
68,10,3,35,105
69,6,2,38,76
69,9,3,30,90
69,16,2,145,290
70,18,1,125,125
70,12,2,110,220
70,3,3,40,120
70,13,1,320,320
71,21,1,180,180
71,12,2,110,220
71,4,1,78,78
71,22,3,155,465
72,10,1,35,35
72,21,1,180,180
72,14,1,280,280
72,4,2,78,156
73,15,2,165,330
73,12,3,110,330
73,22,3,155,465
73,18,3,125,375
74,9,2,30,60
74,2,2,35,70
74,12,1,110,110
74,7,2,42,84
75,9,1,30,30
75,7,3,42,126
75,4,1,78,78
75,15,3,165,495
76,19,1,160,160
76,7,3,42,126
77,20,2,120,240
77,1,1,45,45
78,5,1,55,55
79,9,1,30,30
79,2,3,35,105
80,12,2,110,220
80,17,3,190,570
80,19,1,160,160
80,4,3,78,234
81,2,2,35,70
82,3,1,40,40
82,11,1,55,55
82,20,2,120,240
82,5,3,55,165
83,15,2,165,330
83,17,1,190,190
83,20,3,120,360
84,14,1,280,280
84,15,2,165,330
85,11,2,55,110
86,3,1,40,40
86,14,3,280,840
86,4,1,78,78
86,12,3,110,330
87,22,2,155,310
87,14,3,280,840
87,2,2,35,70
88,8,2,45,90
88,4,1,78,78
88,12,2,110,220
88,18,3,125,375
89,1,3,45,135
89,6,2,38,76
89,9,2,30,60
90,3,1,40,40
90,5,3,55,165
90,21,3,180,540
90,1,1,45,45
91,11,1,55,55
91,19,1,160,160
91,20,1,120,120
92,22,2,155,310
92,14,2,280,560
92,16,2,145,290
92,20,1,120,120
93,17,1,190,190
93,22,2,155,310
93,10,3,35,105
93,2,1,35,35
94,10,1,35,35
94,11,2,55,110
94,4,3,78,234
95,17,3,190,570
95,18,2,125,250
96,3,3,40,120
96,11,2,55,110
96,19,3,160,480
96,14,3,280,840
97,20,3,120,360
97,15,2,165,330
98,17,3,190,570
98,3,2,40,80
98,13,1,320,320
98,10,2,35,70
99,12,1,110,110
99,21,1,180,180
100,21,1,180,180
100,3,3,40,120
101,21,2,180,360
101,11,1,55,55
101,5,2,55,110
102,10,2,35,70
103,20,3,120,360
104,15,3,165,495
105,2,1,35,35
105,15,2,165,330
106,15,2,165,330
106,17,2,190,380
106,20,2,120,240
106,6,2,38,76
107,3,3,40,120
107,11,3,55,165
107,4,2,78,156
108,19,3,160,480
109,10,3,35,105
110,17,1,190,190
110,12,1,110,110
110,1,2,45,90
110,10,2,35,70
111,17,3,190,570
112,5,1,55,55
112,6,2,38,76
112,20,2,120,240
112,15,3,165,495
113,10,1,35,35
113,16,2,145,290
114,17,3,190,570
114,14,1,280,280
114,6,2,38,76
114,7,1,42,42
115,10,1,35,35
116,8,2,45,90
117,8,2,45,90
117,13,1,320,320
117,3,1,40,40
118,2,2,35,70
118,10,3,35,105
119,3,1,40,40
120,10,1,35,35
121,3,3,40,120
121,4,1,78,78
121,16,3,145,435
121,20,3,120,360
122,20,2,120,240
123,3,3,40,120
123,17,3,190,570
123,18,3,125,375
124,1,2,45,90
124,12,1,110,110
124,3,3,40,120
125,12,3,110,330
126,21,3,180,540
126,6,2,38,76
126,5,1,55,55
126,3,2,40,80
127,18,3,125,375
127,16,1,145,145
127,9,2,30,60
127,2,2,35,70
128,14,2,280,560
128,13,2,320,640
128,15,1,165,165
129,14,1,280,280
130,3,2,40,80
131,12,2,110,220
131,15,2,165,330
131,2,3,35,105
131,20,1,120,120
132,1,3,45,135
132,5,3,55,165
133,12,1,110,110
133,13,3,320,960
133,19,1,160,160
134,19,1,160,160
135,1,3,45,135
136,9,3,30,90
136,15,2,165,330
136,7,3,42,126
137,15,3,165,495
137,3,2,40,80
138,10,1,35,35
138,6,2,38,76
138,21,3,180,540
139,12,3,110,330
140,3,2,40,80
141,19,3,160,480
141,3,1,40,40
141,5,2,55,110
141,11,2,55,110
142,5,3,55,165
142,14,1,280,280
143,8,2,45,90
143,12,1,110,110
143,17,2,190,380
144,20,3,120,360
144,18,3,125,375
144,3,1,40,40
145,1,1,45,45
146,20,3,120,360
146,21,3,180,540
146,1,2,45,90
146,16,3,145,435
147,3,2,40,80
147,2,2,35,70
147,6,2,38,76
147,15,1,165,165
148,13,3,320,960
148,5,3,55,165
148,12,1,110,110
149,5,1,55,55
149,4,2,78,156
150,19,1,160,160
150,11,2,55,110
150,7,3,42,126
151,17,3,190,570
151,15,2,165,330
151,8,1,45,45
151,7,1,42,42
152,4,2,78,156
153,12,3,110,330
153,2,1,35,35
153,13,2,320,640
153,19,3,160,480
154,20,1,120,120
154,22,1,155,155
154,4,2,78,156
155,7,3,42,126
155,20,2,120,240
156,16,1,145,145
156,17,3,190,570
156,15,3,165,495
157,19,3,160,480
157,11,3,55,165
157,17,2,190,380
158,14,3,280,840
159,9,3,30,90
159,21,1,180,180
159,19,3,160,480
159,8,2,45,90
160,2,3,35,105
160,19,1,160,160
161,7,2,42,84
161,14,3,280,840
161,17,3,190,570
161,20,1,120,120
162,17,2,190,380
162,13,3,320,960
162,11,2,55,110
162,6,3,38,114
163,7,2,42,84
163,8,1,45,45
163,9,2,30,60
163,18,2,125,250
164,18,1,125,125
164,9,3,30,90
164,10,3,35,105
165,10,3,35,105
166,7,1,42,42
166,18,3,125,375
166,9,3,30,90
166,5,3,55,165
167,2,2,35,70
167,4,2,78,156
168,14,2,280,560
168,21,2,180,360
169,3,3,40,120
170,6,1,38,38
170,2,3,35,105
170,13,2,320,640
170,16,1,145,145
171,15,3,165,495
171,21,2,180,360
171,18,1,125,125
172,15,2,165,330
172,21,3,180,540
173,6,3,38,114
173,20,2,120,240
174,6,1,38,38
175,15,2,165,330
175,9,2,30,60
176,8,1,45,45
176,2,2,35,70
176,22,2,155,310
177,21,2,180,360
178,15,2,165,330
178,20,2,120,240
179,22,1,155,155
179,20,3,120,360
180,2,3,35,105
181,17,3,190,570
181,15,1,165,165
181,4,3,78,234
182,5,3,55,165
182,17,1,190,190
182,14,3,280,840
182,15,2,165,330
183,1,1,45,45
183,7,1,42,42
183,19,2,160,320
184,2,1,35,35
184,10,3,35,105
184,14,3,280,840
184,6,3,38,114
185,22,3,155,465
186,17,1,190,190
186,5,2,55,110
186,8,2,45,90
186,1,3,45,135
187,12,3,110,330
187,5,1,55,55
187,9,1,30,30
187,7,3,42,126
188,20,1,120,120
189,13,2,320,640
190,8,3,45,135
190,19,3,160,480
190,11,3,55,165
191,10,3,35,105
191,9,3,30,90
191,2,1,35,35
191,18,3,125,375
192,17,2,190,380
192,11,2,55,110
192,14,1,280,280
192,5,3,55,165
193,18,2,125,250
194,7,1,42,42
194,11,2,55,110
194,21,2,180,360
195,22,1,155,155
195,20,3,120,360
195,2,3,35,105
195,3,3,40,120
196,7,1,42,42
197,18,2,125,250
197,11,2,55,110
198,17,1,190,190
198,16,3,145,435
198,15,2,165,330
199,19,1,160,160
200,10,1,35,35
200,5,2,55,110
200,7,3,42,126
200,11,1,55,55
201,21,3,180,540
201,16,2,145,290
201,15,1,165,165
201,6,1,38,38
202,3,3,40,120
203,3,1,40,40
203,5,1,55,55
204,1,3,45,135
204,18,2,125,250
204,14,3,280,840
204,17,2,190,380
205,4,3,78,234
206,9,2,30,60
206,13,2,320,640
206,3,2,40,80
207,21,3,180,540
208,2,1,35,35
208,21,2,180,360
208,1,2,45,90
208,6,3,38,114
209,19,2,160,320
209,16,1,145,145
210,6,2,38,76
211,6,3,38,114
211,19,2,160,320
211,8,3,45,135
212,17,3,190,570
213,20,1,120,120
213,13,3,320,960
213,11,2,55,110
214,6,1,38,38
214,22,3,155,465
214,19,2,160,320
214,13,1,320,320
215,13,2,320,640
215,11,1,55,55
216,4,1,78,78
216,5,2,55,110
216,3,2,40,80
217,12,3,110,330
218,14,3,280,840
218,13,3,320,960
218,3,1,40,40
219,9,2,30,60
219,10,2,35,70
220,16,2,145,290
220,3,1,40,40
220,12,3,110,330
221,5,2,55,110
222,11,1,55,55
222,14,2,280,560
222,21,2,180,360
222,20,3,120,360
223,10,3,35,105
223,21,1,180,180
223,16,2,145,290
224,19,1,160,160
224,18,3,125,375
225,3,2,40,80
225,14,1,280,280
225,22,3,155,465
226,13,2,320,640
226,3,3,40,120
226,15,2,165,330
226,20,3,120,360
227,18,1,125,125
227,20,1,120,120
227,21,1,180,180
228,11,1,55,55
228,14,2,280,560
228,4,1,78,78
228,1,3,45,135
229,12,3,110,330
229,13,3,320,960
229,15,3,165,495
229,22,1,155,155
230,4,3,78,234
231,12,3,110,330
231,16,3,145,435
231,4,2,78,156
231,15,2,165,330
232,21,1,180,180
232,4,3,78,234
232,22,1,155,155
233,15,1,165,165
233,8,1,45,45
233,13,3,320,960
233,21,3,180,540
234,13,3,320,960
234,1,1,45,45
234,7,3,42,126
234,9,1,30,30
235,9,3,30,90
236,19,3,160,480
236,4,1,78,78
236,12,3,110,330
236,15,3,165,495
237,11,1,55,55
237,4,2,78,156
238,14,2,280,560
238,20,2,120,240
238,5,1,55,55
238,19,2,160,320
239,16,1,145,145
239,10,1,35,35
240,16,1,145,145
241,14,2,280,560
241,22,1,155,155
241,16,1,145,145
241,15,3,165,495
242,18,1,125,125
242,10,2,35,70
243,9,3,30,90
244,14,3,280,840
244,4,3,78,234
245,15,1,165,165
246,6,1,38,38
246,20,1,120,120
246,5,3,55,165
246,7,2,42,84
247,10,3,35,105
247,19,3,160,480
247,9,1,30,30
248,5,1,55,55
248,8,3,45,135
249,19,2,160,320
249,21,3,180,540
250,12,2,110,220
250,15,3,165,495
250,16,1,145,145
251,7,2,42,84
251,14,2,280,560
251,16,2,145,290
251,9,3,30,90
252,2,1,35,35
253,15,3,165,495
253,1,1,45,45
253,14,3,280,840
253,7,2,42,84
254,12,3,110,330
255,14,1,280,280
255,21,3,180,540
256,17,2,190,380
256,22,1,155,155
257,16,1,145,145
257,3,2,40,80
258,5,3,55,165
258,13,1,320,320
258,21,1,180,180
259,7,2,42,84
259,21,3,180,540
259,5,3,55,165
260,19,3,160,480
261,21,3,180,540
261,3,3,40,120
261,8,3,45,135
262,13,3,320,960
262,10,1,35,35
263,17,1,190,190
264,12,2,110,220
264,18,1,125,125
264,22,1,155,155
264,6,3,38,114
265,17,2,190,380
265,10,3,35,105
265,21,2,180,360
265,14,1,280,280
266,10,1,35,35
267,19,2,160,320
267,21,3,180,540
267,22,2,155,310
267,3,3,40,120
268,20,3,120,360
268,2,3,35,105
268,10,3,35,105
268,22,1,155,155
269,12,2,110,220
269,17,1,190,190
269,9,3,30,90
269,6,2,38,76
270,9,3,30,90
271,2,1,35,35
271,16,2,145,290
271,19,1,160,160
272,2,1,35,35
273,2,3,35,105
273,18,3,125,375
274,9,2,30,60
274,3,1,40,40
274,19,3,160,480
275,13,1,320,320
276,1,3,45,135
276,12,2,110,220
276,7,3,42,126
276,10,3,35,105
277,18,1,125,125
277,8,1,45,45
278,11,1,55,55
279,17,2,190,380
279,8,2,45,90
280,17,3,190,570
280,14,2,280,560
281,21,1,180,180
281,13,3,320,960
282,9,3,30,90
282,11,3,55,165
282,13,2,320,640
283,19,1,160,160
283,4,1,78,78
284,7,2,42,84
284,15,2,165,330
284,10,1,35,35
285,5,2,55,110
285,3,2,40,80
285,8,3,45,135
286,15,2,165,330
286,18,1,125,125
286,8,1,45,45
286,4,1,78,78
287,22,3,155,465
287,21,3,180,540
287,3,2,40,80
288,11,1,55,55
289,16,2,145,290
289,1,1,45,45
289,13,2,320,640
289,22,1,155,155
290,21,2,180,360
290,10,2,35,70
291,14,3,280,840
291,7,3,42,126
292,16,3,145,435
292,18,3,125,375
292,12,2,110,220
293,1,1,45,45
293,9,2,30,60
294,22,2,155,310
294,8,3,45,135
295,6,3,38,114
295,8,2,45,90
296,19,2,160,320
296,7,3,42,126
297,20,1,120,120
297,8,3,45,135
298,6,1,38,38
298,11,1,55,55
298,2,3,35,105
299,22,1,155,155
299,13,2,320,640
299,19,2,160,320
300,21,3,180,540
300,11,3,55,165
300,6,2,38,76
300,18,1,125,125
301,5,3,55,165
301,6,3,38,114
301,1,2,45,90
302,21,1,180,180
302,19,2,160,320
303,6,3,38,114
303,21,3,180,540
303,3,3,40,120
304,12,2,110,220
305,6,2,38,76
305,14,3,280,840
305,16,2,145,290
305,13,1,320,320
306,3,2,40,80
306,2,2,35,70
306,10,1,35,35
306,1,1,45,45
307,11,3,55,165
308,20,1,120,120
308,14,1,280,280
309,22,1,155,155
309,10,1,35,35
309,8,2,45,90
310,14,1,280,280
311,1,1,45,45
312,13,2,320,640
312,16,1,145,145
312,22,3,155,465
313,15,2,165,330
313,2,2,35,70
314,22,1,155,155
314,4,3,78,234
315,13,3,320,960
316,10,3,35,105
316,3,3,40,120
316,13,3,320,960
316,2,3,35,105
317,7,1,42,42
317,5,2,55,110
318,11,3,55,165
318,3,2,40,80
318,13,3,320,960
319,4,3,78,234
319,14,3,280,840
319,5,1,55,55
319,19,1,160,160
320,9,3,30,90
320,13,3,320,960
320,21,2,180,360
320,16,1,145,145
321,11,2,55,110
321,8,2,45,90
321,2,1,35,35
321,16,2,145,290
322,10,2,35,70
322,15,2,165,330
323,14,3,280,840
323,16,2,145,290
324,5,1,55,55
324,17,1,190,190
324,19,1,160,160
324,1,1,45,45
325,9,2,30,60
325,12,3,110,330
326,16,1,145,145
326,20,2,120,240
326,15,3,165,495
327,10,1,35,35
328,22,2,155,310
328,7,3,42,126
329,21,3,180,540
329,6,1,38,38
330,12,2,110,220
330,15,2,165,330
330,9,3,30,90
330,7,3,42,126
331,18,3,125,375
331,21,2,180,360
331,20,2,120,240
332,9,1,30,30
332,21,1,180,180
332,10,3,35,105
333,22,3,155,465
333,5,2,55,110
333,1,2,45,90
334,19,3,160,480
335,22,1,155,155
335,12,3,110,330
335,17,3,190,570
335,10,1,35,35
336,22,3,155,465
336,11,1,55,55
337,12,2,110,220
337,9,2,30,60
337,19,1,160,160
338,16,1,145,145
339,2,2,35,70
339,5,3,55,165
339,7,2,42,84
339,11,1,55,55
340,21,3,180,540
340,6,1,38,38
340,11,1,55,55
341,16,1,145,145
341,3,3,40,120
342,1,3,45,135
342,2,2,35,70
342,18,1,125,125
342,7,2,42,84
343,8,2,45,90
343,12,1,110,110
344,2,2,35,70
345,22,2,155,310
345,5,1,55,55
345,11,1,55,55
345,16,2,145,290
346,19,3,160,480
347,18,3,125,375
347,20,1,120,120
347,2,3,35,105
348,13,2,320,640
348,4,3,78,234
348,18,1,125,125
348,9,1,30,30
349,22,3,155,465
350,17,3,190,570
351,20,2,120,240
351,7,3,42,126
352,18,2,125,250
353,22,1,155,155
354,17,1,190,190
355,9,1,30,30
355,15,1,165,165
355,2,1,35,35
356,4,1,78,78
357,15,3,165,495
357,20,1,120,120
357,9,2,30,60
358,13,3,320,960
358,16,1,145,145
358,14,1,280,280
359,19,1,160,160
359,16,3,145,435
359,22,2,155,310
359,15,2,165,330
360,4,1,78,78
360,14,2,280,560
360,15,3,165,495
360,2,2,35,70
361,22,3,155,465
361,11,3,55,165
362,16,3,145,435
362,12,3,110,330
363,17,2,190,380
363,16,1,145,145
364,2,3,35,105
364,17,3,190,570
364,8,2,45,90
365,3,1,40,40
365,16,2,145,290
365,15,3,165,495
365,11,3,55,165
366,3,3,40,120
367,11,2,55,110
367,12,2,110,220
367,2,3,35,105
367,8,3,45,135
368,4,2,78,156
368,22,2,155,310
368,8,3,45,135
368,1,2,45,90
369,16,3,145,435
369,5,3,55,165
370,13,1,320,320
371,2,1,35,35
371,21,2,180,360
371,22,2,155,310
371,19,3,160,480
372,18,2,125,250
373,4,3,78,234
373,13,3,320,960
374,9,2,30,60
374,13,2,320,640
375,18,1,125,125
375,11,1,55,55
375,21,1,180,180
376,21,3,180,540
376,6,3,38,114
377,18,3,125,375
377,16,3,145,435
377,19,3,160,480
378,17,1,190,190
379,6,2,38,76
379,10,1,35,35
379,22,1,155,155
380,15,3,165,495
380,4,3,78,234
380,20,3,120,360
381,22,2,155,310
381,2,2,35,70
381,13,3,320,960
382,8,3,45,135
382,21,3,180,540
382,12,3,110,330
382,19,1,160,160
383,17,2,190,380
383,4,1,78,78
384,1,3,45,135
384,11,1,55,55
384,15,1,165,165
385,16,2,145,290
385,19,1,160,160
385,18,3,125,375
386,14,3,280,840
386,18,2,125,250
387,10,3,35,105
387,7,2,42,84
387,20,3,120,360
388,21,3,180,540
388,20,1,120,120
389,18,3,125,375
389,10,2,35,70
389,1,3,45,135
390,11,1,55,55
390,17,1,190,190
391,7,3,42,126
392,18,3,125,375
392,14,1,280,280
393,3,1,40,40
394,9,2,30,60
394,14,2,280,560
395,18,1,125,125
396,12,3,110,330
397,13,1,320,320
397,22,3,155,465
397,1,1,45,45
397,16,1,145,145
398,1,1,45,45
398,18,1,125,125
398,5,1,55,55
399,7,3,42,126
399,12,3,110,330
399,14,1,280,280
400,6,3,38,114
401,10,3,35,105
402,12,3,110,330
402,5,1,55,55
402,22,1,155,155
403,11,3,55,165
403,20,3,120,360
403,22,1,155,155
403,10,3,35,105
404,8,2,45,90
404,21,2,180,360
404,14,1,280,280
405,10,1,35,35
405,16,1,145,145
405,18,3,125,375
406,21,3,180,540
406,3,3,40,120
406,1,1,45,45
407,18,1,125,125
407,16,2,145,290
407,21,2,180,360
408,17,3,190,570
408,3,1,40,40
408,13,3,320,960
408,12,1,110,110
409,6,3,38,114
409,19,3,160,480
410,16,1,145,145
410,8,2,45,90
411,13,1,320,320
411,16,1,145,145
411,15,3,165,495
412,19,2,160,320
412,18,3,125,375
412,6,2,38,76
413,8,2,45,90
413,17,2,190,380
413,13,2,320,640
413,12,3,110,330
414,17,3,190,570
415,22,1,155,155
416,16,3,145,435
416,7,2,42,84
416,19,1,160,160
416,6,1,38,38
417,19,1,160,160
418,22,2,155,310
419,8,3,45,135
419,14,1,280,280
420,22,2,155,310
420,11,3,55,165
421,1,1,45,45
422,6,2,38,76
423,3,2,40,80
424,17,3,190,570
424,14,3,280,840
424,12,2,110,220
424,2,1,35,35
425,5,1,55,55
425,9,2,30,60
425,16,3,145,435
425,8,3,45,135
426,17,1,190,190
427,4,3,78,234
427,5,3,55,165
427,14,2,280,560
428,22,2,155,310
428,13,3,320,960
428,7,3,42,126
429,10,3,35,105
429,19,2,160,320
429,12,3,110,330
430,4,3,78,234
430,7,2,42,84
431,21,2,180,360
431,1,3,45,135
431,3,2,40,80
431,5,1,55,55
432,13,2,320,640
433,21,2,180,360
433,16,1,145,145
434,20,3,120,360
435,12,1,110,110
436,12,1,110,110
436,22,3,155,465
436,13,1,320,320
436,19,3,160,480
437,12,3,110,330
437,9,1,30,30
437,8,2,45,90
438,18,1,125,125
439,15,2,165,330
439,13,1,320,320
439,19,2,160,320
440,9,1,30,30
441,12,3,110,330
441,17,2,190,380
441,18,1,125,125
441,1,2,45,90
442,16,2,145,290
442,11,1,55,55
443,8,1,45,45
443,9,1,30,30
444,4,1,78,78
445,16,2,145,290
446,17,2,190,380
446,9,1,30,30
447,17,2,190,380
448,11,2,55,110
448,1,3,45,135
448,22,1,155,155
448,7,2,42,84
449,9,3,30,90
449,16,2,145,290
450,12,2,110,220
450,13,1,320,320
450,9,3,30,90
451,8,2,45,90
451,18,1,125,125
451,14,1,280,280
452,21,3,180,540
452,17,3,190,570
453,13,1,320,320
454,15,3,165,495
455,12,1,110,110
455,1,2,45,90
455,14,3,280,840
456,12,3,110,330
456,11,2,55,110
456,22,3,155,465
457,6,2,38,76
457,21,2,180,360
458,11,2,55,110
458,8,2,45,90
459,12,2,110,220
459,19,1,160,160
459,17,1,190,190
459,15,1,165,165
460,7,1,42,42
461,1,2,45,90
462,3,2,40,80
462,21,2,180,360
463,5,1,55,55
463,17,1,190,190
464,18,3,125,375
464,15,3,165,495
464,5,1,55,55
465,12,1,110,110
465,16,1,145,145
465,18,2,125,250
466,1,3,45,135
467,16,2,145,290
467,10,3,35,105
467,1,1,45,45
467,14,1,280,280
468,8,2,45,90
468,6,1,38,38
468,21,2,180,360
468,13,1,320,320
469,14,1,280,280
469,7,1,42,42
469,3,2,40,80
470,7,1,42,42
470,11,3,55,165
470,1,1,45,45
470,5,1,55,55
471,8,1,45,45
472,16,3,145,435
472,12,1,110,110
472,15,2,165,330
473,3,1,40,40
473,18,2,125,250
473,16,2,145,290
473,6,1,38,38
474,8,3,45,135
474,2,1,35,35
474,7,3,42,126
474,15,3,165,495
475,21,3,180,540
475,2,3,35,105
476,2,1,35,35
476,22,1,155,155
476,7,3,42,126
477,13,1,320,320
478,12,1,110,110
478,3,1,40,40
479,2,2,35,70
480,8,2,45,90
480,11,2,55,110
480,18,3,125,375
480,21,1,180,180
481,16,3,145,435
482,18,2,125,250
482,12,3,110,330
483,15,2,165,330
483,10,3,35,105
484,1,2,45,90
484,20,3,120,360
485,17,2,190,380
485,22,3,155,465
486,4,1,78,78
486,17,1,190,190
486,22,1,155,155
487,4,3,78,234
487,2,3,35,105
488,8,1,45,45
488,20,1,120,120
488,3,3,40,120
489,12,3,110,330
489,2,1,35,35
489,20,3,120,360
489,9,1,30,30
490,18,1,125,125
490,13,1,320,320
491,4,3,78,234
491,21,2,180,360
491,19,3,160,480
491,12,3,110,330
492,17,3,190,570
492,11,3,55,165
492,22,2,155,310
492,6,2,38,76
493,11,3,55,165
493,20,1,120,120
493,8,2,45,90
493,19,3,160,480
494,10,3,35,105
495,7,1,42,42
495,11,3,55,165
496,4,2,78,156
496,2,2,35,70
497,9,1,30,30
497,10,3,35,105
498,16,1,145,145
498,6,3,38,114
498,19,3,160,480
499,11,2,55,110
500,2,3,35,105
500,10,3,35,105
500,17,1,190,190
500,11,2,55,110
501,15,1,165,165
501,20,1,120,120
501,19,2,160,320
501,17,2,190,380
502,18,2,125,250
503,5,3,55,165
503,16,1,145,145
504,8,2,45,90
504,3,2,40,80
505,14,2,280,560
505,12,3,110,330
505,7,3,42,126
505,11,1,55,55
506,15,1,165,165
506,2,1,35,35
507,8,3,45,135
508,10,2,35,70
509,18,2,125,250
509,17,3,190,570
510,9,1,30,30
511,21,3,180,540
511,1,2,45,90
511,3,3,40,120
511,13,3,320,960
512,8,2,45,90
512,13,2,320,640
512,17,3,190,570
512,4,3,78,234
513,2,1,35,35
514,1,3,45,135
514,12,2,110,220
515,21,2,180,360
516,11,3,55,165
516,13,1,320,320
517,19,2,160,320
517,5,2,55,110
518,19,3,160,480
518,18,1,125,125
519,5,2,55,110
519,21,1,180,180
519,19,3,160,480
519,6,3,38,114
520,14,3,280,840
520,10,3,35,105
520,15,3,165,495
521,20,3,120,360
522,8,1,45,45
522,22,2,155,310
523,21,2,180,360
523,12,2,110,220
523,6,1,38,38
523,13,1,320,320
524,8,1,45,45
524,22,2,155,310
524,7,3,42,126
524,3,2,40,80
525,20,3,120,360
526,17,1,190,190
527,2,3,35,105
527,18,1,125,125
527,13,1,320,320
527,17,2,190,380
528,10,1,35,35
528,20,2,120,240
528,2,3,35,105
528,17,2,190,380
529,13,2,320,640
529,14,2,280,560
530,9,2,30,60
531,15,3,165,495
532,13,2,320,640
532,18,1,125,125
533,6,2,38,76
533,2,2,35,70
534,7,3,42,126
534,1,2,45,90
535,8,2,45,90
535,7,2,42,84
535,19,2,160,320
535,22,2,155,310
536,20,1,120,120
536,21,1,180,180
536,18,1,125,125
537,22,3,155,465
538,6,3,38,114
538,22,3,155,465
538,10,3,35,105
538,20,3,120,360
539,2,2,35,70
539,3,2,40,80
539,10,2,35,70
540,5,3,55,165
540,4,2,78,156
540,9,3,30,90
540,11,1,55,55
541,16,3,145,435
542,9,3,30,90
542,17,2,190,380
542,19,1,160,160
543,20,3,120,360
543,8,2,45,90
544,7,3,42,126
545,1,1,45,45
545,21,3,180,540
546,1,2,45,90
546,4,2,78,156
546,22,2,155,310
547,22,3,155,465
547,16,1,145,145
547,2,2,35,70
548,2,3,35,105
548,17,3,190,570
548,10,2,35,70
548,19,3,160,480
549,5,2,55,110
550,6,3,38,114
550,20,2,120,240
550,4,3,78,234
550,10,1,35,35
551,10,1,35,35
551,7,2,42,84
551,17,1,190,190
551,6,1,38,38
552,7,2,42,84
552,11,3,55,165
553,7,2,42,84
553,2,2,35,70
554,11,2,55,110
555,21,1,180,180
555,7,1,42,42
555,11,2,55,110
556,6,1,38,38
556,9,1,30,30
557,18,1,125,125
557,11,3,55,165
557,9,2,30,60
558,18,1,125,125
558,15,1,165,165
558,2,2,35,70
559,13,3,320,960
559,6,3,38,114
559,20,3,120,360
559,19,2,160,320
560,15,3,165,495
561,22,2,155,310
561,21,1,180,180
561,15,1,165,165
562,22,2,155,310
562,11,2,55,110
563,15,3,165,495
563,6,3,38,114
563,10,1,35,35
563,12,3,110,330
564,10,3,35,105
565,18,2,125,250
565,6,2,38,76
566,18,3,125,375
566,8,3,45,135
566,6,1,38,38
567,15,1,165,165
568,11,1,55,55
568,16,1,145,145
568,21,1,180,180
568,22,1,155,155
569,15,2,165,330
569,18,2,125,250
570,10,2,35,70
570,19,2,160,320
570,22,3,155,465
571,10,2,35,70
571,2,3,35,105
572,1,3,45,135
572,8,3,45,135
572,14,2,280,560
573,18,2,125,250
573,7,1,42,42
573,22,1,155,155
573,6,3,38,114
574,5,1,55,55
574,1,3,45,135
575,5,3,55,165
576,15,2,165,330
576,17,3,190,570
577,19,2,160,320
578,2,3,35,105
578,19,2,160,320
578,16,1,145,145
579,15,3,165,495
579,17,3,190,570
579,3,1,40,40
580,20,3,120,360
580,2,1,35,35
580,11,2,55,110
581,10,3,35,105
581,6,3,38,114
581,2,3,35,105
582,19,2,160,320
582,6,3,38,114
582,2,3,35,105
582,22,1,155,155
583,9,2,30,60
583,5,2,55,110
583,20,2,120,240
584,22,2,155,310
584,15,1,165,165
585,11,1,55,55
586,8,1,45,45
586,22,1,155,155
586,15,3,165,495
586,21,3,180,540
587,15,2,165,330
587,13,2,320,640
588,16,2,145,290
588,9,1,30,30
588,5,2,55,110
588,17,2,190,380
589,14,2,280,560
589,20,2,120,240
589,21,2,180,360
590,22,3,155,465
590,8,2,45,90
590,19,3,160,480
590,7,3,42,126
591,14,1,280,280
592,9,1,30,30
592,7,3,42,126
592,2,1,35,35
593,3,3,40,120
594,6,2,38,76
595,22,1,155,155
595,11,2,55,110
595,9,1,30,30
595,6,2,38,76
596,3,2,40,80
596,16,1,145,145
596,7,3,42,126
596,20,2,120,240
597,15,3,165,495
598,15,1,165,165
598,1,3,45,135
598,16,3,145,435
599,11,3,55,165
599,13,1,320,320
600,18,1,125,125
601,11,2,55,110
601,22,1,155,155
601,10,3,35,105
602,10,3,35,105
602,21,1,180,180
602,7,2,42,84
602,6,3,38,114
603,16,2,145,290
603,3,3,40,120
603,21,1,180,180
604,3,2,40,80
604,18,3,125,375
604,21,2,180,360
604,10,1,35,35
605,7,3,42,126
606,3,3,40,120
606,2,1,35,35
607,1,3,45,135
607,6,1,38,38
608,4,1,78,78
609,11,3,55,165
609,22,3,155,465
609,13,3,320,960
609,4,1,78,78
610,4,2,78,156
611,15,3,165,495
611,8,1,45,45
612,1,1,45,45
612,16,1,145,145
613,5,3,55,165
613,7,2,42,84
613,21,2,180,360
613,9,1,30,30
614,20,2,120,240
614,3,2,40,80
614,21,1,180,180
614,10,3,35,105
615,18,2,125,250
615,17,3,190,570
615,8,3,45,135
616,16,1,145,145
616,6,3,38,114
616,22,2,155,310
616,2,2,35,70
617,2,3,35,105
618,8,3,45,135
619,8,1,45,45
619,4,1,78,78
619,11,1,55,55
620,19,1,160,160
620,16,1,145,145
620,2,3,35,105
620,14,2,280,560
621,21,2,180,360
621,12,1,110,110
622,5,2,55,110
622,4,2,78,156
622,15,1,165,165
623,19,1,160,160
623,18,1,125,125
624,15,3,165,495
624,9,1,30,30
624,1,1,45,45
624,14,2,280,560
625,14,1,280,280
626,16,1,145,145
626,4,3,78,234
626,15,1,165,165
626,8,3,45,135
627,1,2,45,90
628,15,2,165,330
629,21,3,180,540
629,1,2,45,90
629,3,3,40,120
629,13,1,320,320
630,22,3,155,465
630,3,2,40,80
631,12,2,110,220
631,15,2,165,330
631,20,1,120,120
631,2,3,35,105
632,8,3,45,135
632,18,2,125,250
632,4,3,78,234
633,9,2,30,60
633,17,2,190,380
633,22,1,155,155
634,16,3,145,435
635,22,2,155,310
635,3,1,40,40
635,7,1,42,42
636,9,3,30,90
636,4,1,78,78
637,22,2,155,310
637,18,2,125,250
637,5,2,55,110
637,16,3,145,435
638,17,2,190,380
638,21,2,180,360
639,15,2,165,330
639,10,1,35,35
639,19,2,160,320
639,5,1,55,55
640,15,1,165,165
640,6,3,38,114
640,20,3,120,360
641,4,2,78,156
641,2,3,35,105
642,22,2,155,310
643,4,2,78,156
643,1,1,45,45
643,13,2,320,640
644,21,2,180,360
644,10,3,35,105
644,16,3,145,435
645,16,1,145,145
646,20,1,120,120
646,8,2,45,90
646,15,1,165,165
646,12,3,110,330
647,7,3,42,126
647,1,2,45,90
647,3,3,40,120
648,20,3,120,360
648,17,2,190,380
648,2,2,35,70
649,10,2,35,70
650,14,3,280,840
650,15,2,165,330
650,10,3,35,105
650,6,2,38,76
651,10,3,35,105
651,16,2,145,290
652,21,3,180,540
652,9,2,30,60
652,14,3,280,840
652,6,3,38,114
653,2,3,35,105
653,10,3,35,105
653,19,2,160,320
653,16,1,145,145
654,4,2,78,156
654,21,1,180,180
654,22,2,155,310
654,10,3,35,105
655,20,3,120,360
656,4,1,78,78
656,12,2,110,220
656,17,1,190,190
656,19,3,160,480
657,2,2,35,70
657,9,2,30,60
658,17,1,190,190
659,11,2,55,110
659,22,3,155,465
659,10,3,35,105
660,1,3,45,135
660,5,2,55,110
661,7,1,42,42
662,14,2,280,560
663,12,3,110,330
663,5,3,55,165
663,15,2,165,330
664,5,2,55,110
664,8,1,45,45
665,16,2,145,290
666,16,1,145,145
667,4,3,78,234
668,5,3,55,165
669,17,1,190,190
669,19,1,160,160
670,10,3,35,105
670,6,1,38,38
671,15,1,165,165
671,22,1,155,155
672,4,1,78,78
672,11,2,55,110
672,15,2,165,330
672,17,3,190,570
673,4,3,78,234
673,13,3,320,960
673,10,2,35,70
673,15,3,165,495
674,3,3,40,120
674,16,2,145,290
675,17,1,190,190
675,22,2,155,310
675,3,2,40,80
675,4,3,78,234
676,11,3,55,165
676,7,2,42,84
677,21,2,180,360
677,13,3,320,960
677,12,3,110,330
678,4,3,78,234
678,9,1,30,30
678,16,1,145,145
678,8,1,45,45
679,20,2,120,240
679,22,3,155,465
679,11,3,55,165
679,5,1,55,55
680,22,2,155,310
680,16,3,145,435
680,17,2,190,380
681,15,1,165,165
681,11,1,55,55
681,13,3,320,960
681,2,3,35,105
682,10,2,35,70
682,13,1,320,320
683,16,1,145,145
683,18,2,125,250
683,6,2,38,76
683,17,2,190,380
684,11,3,55,165
684,2,1,35,35
684,1,1,45,45
685,13,2,320,640
685,4,2,78,156
685,14,2,280,560
686,19,1,160,160
686,3,2,40,80
686,10,1,35,35
687,19,1,160,160
687,17,3,190,570
687,14,2,280,560
687,9,3,30,90
688,16,1,145,145
689,6,2,38,76
689,20,2,120,240
689,10,1,35,35
690,2,2,35,70
690,10,1,35,35
690,19,3,160,480
691,19,3,160,480
692,17,3,190,570
692,10,3,35,105
692,14,2,280,560
693,1,3,45,135
693,21,3,180,540
694,19,1,160,160
694,21,2,180,360
694,2,2,35,70
694,17,1,190,190
695,11,2,55,110
695,3,2,40,80
695,21,2,180,360
695,7,3,42,126
696,4,1,78,78
696,5,1,55,55
697,14,1,280,280
697,21,2,180,360
697,2,1,35,35
697,7,1,42,42
698,16,1,145,145
699,12,3,110,330
699,22,1,155,155
699,3,1,40,40
699,13,1,320,320
700,16,3,145,435
700,3,1,40,40
700,8,2,45,90
701,14,1,280,280
701,7,1,42,42
702,16,3,145,435
703,22,2,155,310
703,8,2,45,90
703,9,3,30,90
703,5,2,55,110
704,22,1,155,155
705,18,1,125,125
706,8,2,45,90
707,2,2,35,70
707,9,3,30,90
707,3,2,40,80
707,16,2,145,290
708,12,2,110,220
709,2,3,35,105
710,7,3,42,126
710,21,1,180,180
710,10,1,35,35
710,11,1,55,55
711,11,2,55,110
711,15,1,165,165
711,16,3,145,435
711,5,3,55,165
712,6,1,38,38
712,13,1,320,320
712,19,1,160,160
713,7,2,42,84
713,9,3,30,90
713,6,2,38,76
713,2,3,35,105
714,1,3,45,135
715,7,2,42,84
715,9,3,30,90
716,10,1,35,35
716,22,2,155,310
717,20,1,120,120
717,15,2,165,330
718,5,1,55,55
718,11,3,55,165
718,13,2,320,640
718,22,3,155,465
719,2,2,35,70
720,17,2,190,380
720,20,2,120,240
720,13,3,320,960
721,6,2,38,76
721,17,2,190,380
721,16,1,145,145
722,4,1,78,78
722,11,2,55,110
722,2,2,35,70
723,17,1,190,190
723,11,2,55,110
723,14,3,280,840
724,5,1,55,55
724,2,1,35,35
725,16,1,145,145
726,4,1,78,78
726,5,2,55,110
726,12,1,110,110
726,3,1,40,40
727,17,3,190,570
728,11,1,55,55
729,11,1,55,55
730,20,2,120,240
730,22,1,155,155
730,1,3,45,135
731,2,2,35,70
731,21,2,180,360
732,9,1,30,30
732,6,1,38,38
732,8,1,45,45
732,13,1,320,320
733,16,3,145,435
733,14,3,280,840
733,10,1,35,35
734,15,3,165,495
734,13,3,320,960
734,16,2,145,290
734,9,1,30,30
735,3,2,40,80
735,2,3,35,105
735,17,1,190,190
735,11,3,55,165
736,10,2,35,70
737,8,2,45,90
737,17,3,190,570
737,14,1,280,280
738,14,3,280,840
738,4,3,78,234
738,15,2,165,330
738,22,2,155,310
739,6,2,38,76
739,13,3,320,960
739,2,2,35,70
739,3,2,40,80
740,11,1,55,55
740,6,1,38,38
740,7,3,42,126
741,1,2,45,90
742,22,3,155,465
742,20,3,120,360
742,16,2,145,290
742,10,3,35,105
743,5,1,55,55
743,1,1,45,45
744,21,2,180,360
744,8,3,45,135
745,14,1,280,280
745,1,3,45,135
745,4,3,78,234
745,6,2,38,76
746,10,2,35,70
746,19,1,160,160
747,19,1,160,160
747,20,2,120,240
747,18,2,125,250
747,10,2,35,70
748,17,1,190,190
749,16,2,145,290
749,4,2,78,156
749,20,3,120,360
749,21,2,180,360
750,15,1,165,165
750,8,3,45,135
750,17,3,190,570
751,13,3,320,960
751,14,3,280,840
751,22,2,155,310
752,22,2,155,310
753,16,3,145,435
753,10,1,35,35
753,8,1,45,45
753,7,2,42,84
754,3,2,40,80
755,16,2,145,290
755,9,2,30,60
756,2,2,35,70
757,17,1,190,190
758,15,3,165,495
758,17,1,190,190
758,16,1,145,145
759,14,2,280,560
759,1,2,45,90
759,8,3,45,135
759,16,1,145,145
760,5,2,55,110
760,17,1,190,190
761,1,1,45,45
761,15,3,165,495
761,5,3,55,165
762,14,2,280,560
762,2,1,35,35
763,14,3,280,840
763,13,3,320,960
763,22,2,155,310
764,13,3,320,960
764,15,1,165,165
765,21,2,180,360
765,13,1,320,320
765,7,1,42,42
766,7,3,42,126
766,3,2,40,80
766,17,3,190,570
767,8,3,45,135
767,10,1,35,35
767,14,3,280,840
768,2,3,35,105
769,8,3,45,135
769,19,3,160,480
769,21,3,180,540
770,13,3,320,960
770,17,1,190,190
771,15,3,165,495
771,4,2,78,156
771,5,2,55,110
772,15,2,165,330
772,3,3,40,120
773,9,2,30,60
773,19,2,160,320
773,16,3,145,435
773,21,2,180,360
774,15,3,165,495
774,5,1,55,55
774,17,2,190,380
774,4,2,78,156
775,4,1,78,78
775,12,3,110,330
775,19,1,160,160
775,10,1,35,35
776,5,1,55,55
777,16,1,145,145
777,1,3,45,135
778,19,2,160,320
778,15,2,165,330
778,11,3,55,165
779,22,1,155,155
779,15,3,165,495
779,5,3,55,165
779,11,3,55,165
780,22,2,155,310
781,18,3,125,375
781,21,3,180,540
781,4,1,78,78
782,16,1,145,145
782,17,1,190,190
783,8,2,45,90
783,19,1,160,160
784,11,2,55,110
785,3,1,40,40
785,4,2,78,156
785,18,1,125,125
786,2,2,35,70
786,20,1,120,120
787,5,2,55,110
787,14,2,280,560
787,11,1,55,55
788,4,2,78,156
788,9,3,30,90
788,2,2,35,70
788,11,1,55,55
789,18,1,125,125
789,19,1,160,160
789,22,3,155,465
790,3,1,40,40
790,21,2,180,360
790,17,3,190,570
790,7,1,42,42
791,15,3,165,495
792,20,2,120,240
792,9,2,30,60
792,22,3,155,465
793,10,1,35,35
794,7,3,42,126
794,20,2,120,240
794,17,3,190,570
794,11,2,55,110
795,15,2,165,330
795,20,1,120,120
796,22,1,155,155
797,18,3,125,375
797,3,2,40,80
797,21,3,180,540
797,1,1,45,45
798,1,2,45,90
798,4,2,78,156
799,22,1,155,155
799,12,3,110,330
799,7,3,42,126
800,2,3,35,105
800,9,3,30,90
800,16,3,145,435
801,19,1,160,160
801,17,3,190,570
801,16,1,145,145
802,19,1,160,160
803,7,3,42,126
803,22,3,155,465
803,1,3,45,135
804,21,2,180,360
804,22,2,155,310
804,2,2,35,70
804,11,1,55,55
805,8,1,45,45
806,13,1,320,320
807,3,2,40,80
807,8,2,45,90
807,7,1,42,42
807,6,3,38,114
808,9,2,30,60
808,8,1,45,45
808,4,2,78,156
809,4,1,78,78
809,21,1,180,180
809,15,1,165,165
809,19,1,160,160
810,2,2,35,70
810,10,1,35,35
810,20,1,120,120
810,21,3,180,540
811,20,2,120,240
812,15,2,165,330
812,14,3,280,840
812,20,3,120,360
812,4,1,78,78
813,1,3,45,135
814,12,3,110,330
814,14,3,280,840
814,16,2,145,290
815,19,3,160,480
815,14,2,280,560
815,17,2,190,380
816,20,2,120,240
816,11,1,55,55
816,10,3,35,105
817,14,2,280,560
818,22,3,155,465
818,16,3,145,435
819,20,2,120,240
819,10,1,35,35
819,14,1,280,280
820,8,3,45,135
820,15,1,165,165
821,6,2,38,76
821,1,1,45,45
821,12,3,110,330
821,3,1,40,40
822,2,1,35,35
822,1,2,45,90
822,7,1,42,42
823,6,1,38,38
823,7,1,42,42
824,11,1,55,55
825,17,2,190,380
825,20,3,120,360
826,12,3,110,330
826,11,1,55,55
826,20,1,120,120
826,14,3,280,840
827,2,2,35,70
827,21,1,180,180
828,6,3,38,114
829,6,3,38,114
829,11,2,55,110
829,12,3,110,330
829,17,2,190,380
830,7,1,42,42
831,13,2,320,640
831,19,3,160,480
831,6,1,38,38
831,12,1,110,110
832,15,3,165,495
833,12,2,110,220
833,16,1,145,145
833,11,1,55,55
833,9,2,30,60
834,17,1,190,190
834,18,2,125,250
834,21,1,180,180
835,11,3,55,165
835,7,2,42,84
836,18,1,125,125
836,9,2,30,60
837,16,3,145,435
838,16,3,145,435
838,8,3,45,135
839,11,1,55,55
840,18,3,125,375
840,1,1,45,45
840,12,2,110,220
840,5,3,55,165
841,14,2,280,560
841,22,2,155,310
841,13,3,320,960
841,18,1,125,125
842,13,2,320,640
842,7,1,42,42
842,3,2,40,80
842,18,1,125,125
843,4,3,78,234
843,22,1,155,155
844,7,2,42,84
844,3,2,40,80
845,2,1,35,35
845,12,2,110,220
845,17,2,190,380
845,1,2,45,90
846,13,1,320,320
847,6,3,38,114
847,20,1,120,120
847,19,3,160,480
847,10,3,35,105
848,3,3,40,120
848,13,2,320,640
848,20,3,120,360
848,8,2,45,90
849,12,1,110,110
849,10,2,35,70
849,13,1,320,320
849,20,1,120,120
850,19,2,160,320
850,4,3,78,234
851,7,2,42,84
852,17,2,190,380
853,15,1,165,165
854,13,1,320,320
854,7,2,42,84
854,2,1,35,35
855,3,3,40,120
855,18,2,125,250
855,22,1,155,155
855,8,2,45,90
856,6,2,38,76
857,22,2,155,310
858,22,3,155,465
859,13,3,320,960
860,7,1,42,42
860,8,2,45,90
860,12,1,110,110
860,3,1,40,40
861,22,1,155,155
862,18,3,125,375
862,21,1,180,180
862,7,3,42,126
863,11,2,55,110
863,6,3,38,114
863,1,2,45,90
864,21,1,180,180
864,20,1,120,120
864,12,1,110,110
865,9,3,30,90
865,4,2,78,156
866,21,3,180,540
866,11,2,55,110
867,17,3,190,570
867,21,1,180,180
867,8,1,45,45
867,19,1,160,160
868,8,1,45,45
868,20,2,120,240
868,3,2,40,80
868,2,2,35,70
869,11,1,55,55
869,5,3,55,165
869,9,2,30,60
869,21,3,180,540
870,7,1,42,42
870,18,3,125,375
871,17,3,190,570
871,11,1,55,55
871,6,1,38,38
871,15,2,165,330
872,3,3,40,120
872,6,3,38,114
873,10,2,35,70
873,6,1,38,38
873,7,3,42,126
873,8,1,45,45
874,3,2,40,80
874,12,2,110,220
874,13,2,320,640
874,6,3,38,114
875,14,3,280,840
875,3,1,40,40
875,10,3,35,105
875,20,3,120,360
876,13,2,320,640
876,18,1,125,125
876,20,2,120,240
877,1,3,45,135
878,13,3,320,960
878,16,3,145,435
878,10,1,35,35
879,7,2,42,84
879,14,3,280,840
880,21,2,180,360
881,21,3,180,540
881,22,3,155,465
881,1,3,45,135
882,20,3,120,360
882,19,1,160,160
883,17,1,190,190
884,19,1,160,160
884,10,3,35,105
884,14,3,280,840
884,3,2,40,80
885,1,1,45,45
885,6,1,38,38
885,16,1,145,145
886,6,2,38,76
886,12,1,110,110
886,5,3,55,165
886,7,1,42,42
887,7,2,42,84
887,9,2,30,60
888,3,2,40,80
888,13,1,320,320
888,4,2,78,156
889,1,1,45,45
890,7,3,42,126
891,11,3,55,165
891,20,2,120,240
891,14,2,280,560
891,12,1,110,110
892,4,3,78,234
892,1,2,45,90
892,15,3,165,495
893,12,3,110,330
893,15,3,165,495
894,1,2,45,90
894,21,1,180,180
895,8,3,45,135
895,20,3,120,360
895,16,1,145,145
895,13,2,320,640
896,10,3,35,105
896,20,3,120,360
896,7,3,42,126
896,5,3,55,165
897,6,3,38,114
897,15,3,165,495
897,4,1,78,78
897,16,1,145,145
898,1,2,45,90
898,6,1,38,38
898,11,3,55,165
898,13,2,320,640
899,3,3,40,120
899,11,1,55,55
899,8,3,45,135
899,19,2,160,320
900,8,1,45,45
900,9,1,30,30
900,4,1,78,78
900,10,2,35,70
901,5,3,55,165
901,11,3,55,165
901,13,1,320,320
902,11,3,55,165
902,12,3,110,330
902,22,3,155,465
902,5,3,55,165
903,5,2,55,110
903,10,3,35,105
903,8,2,45,90
904,10,2,35,70
904,17,3,190,570
904,4,3,78,234
905,2,3,35,105
905,11,1,55,55
905,5,3,55,165
905,7,3,42,126
906,1,2,45,90
906,18,2,125,250
907,17,3,190,570
908,5,2,55,110
909,19,2,160,320
909,5,3,55,165
910,21,2,180,360
910,1,3,45,135
911,2,2,35,70
911,4,2,78,156
912,5,1,55,55
912,21,1,180,180
912,13,1,320,320
912,8,2,45,90
913,22,2,155,310
913,3,2,40,80
913,15,3,165,495
913,21,3,180,540
914,16,3,145,435
915,9,2,30,60
915,4,2,78,156
915,19,3,160,480
915,6,3,38,114
916,18,1,125,125
917,3,3,40,120
917,17,3,190,570
917,19,1,160,160
917,18,1,125,125
918,11,3,55,165
918,4,1,78,78
918,2,3,35,105
918,5,1,55,55
919,12,2,110,220
919,18,3,125,375
919,6,1,38,38
920,5,3,55,165
920,19,2,160,320
920,16,3,145,435
920,11,3,55,165
921,7,1,42,42
922,9,2,30,60
922,5,1,55,55
922,20,3,120,360
923,3,3,40,120
923,9,1,30,30
923,22,3,155,465
923,14,1,280,280
924,19,3,160,480
924,22,3,155,465
924,21,1,180,180
925,20,1,120,120
926,3,2,40,80
926,11,2,55,110
926,21,1,180,180
926,12,1,110,110
927,4,1,78,78
928,19,2,160,320
928,10,3,35,105
928,18,1,125,125
929,16,1,145,145
929,19,3,160,480
929,5,3,55,165
929,9,3,30,90
930,2,3,35,105
930,21,1,180,180
930,12,3,110,330
931,15,2,165,330
931,17,2,190,380
931,10,3,35,105
932,3,1,40,40
932,21,1,180,180
932,8,3,45,135
933,14,3,280,840
934,13,1,320,320
935,8,3,45,135
935,22,3,155,465
935,17,1,190,190
936,3,1,40,40
936,12,3,110,330
937,4,1,78,78
937,11,3,55,165
937,22,1,155,155
938,21,3,180,540
939,20,1,120,120
939,16,3,145,435
939,2,2,35,70
939,12,2,110,220
940,13,1,320,320
940,12,1,110,110
941,14,2,280,560
941,4,1,78,78
942,12,3,110,330
942,10,2,35,70
942,14,1,280,280
942,6,2,38,76
943,1,1,45,45
943,12,2,110,220
943,7,1,42,42
943,4,1,78,78
944,16,2,145,290
944,22,1,155,155
945,17,1,190,190
945,13,1,320,320
945,5,1,55,55
945,4,1,78,78
946,14,2,280,560
946,20,2,120,240
946,1,2,45,90
947,17,1,190,190
947,6,2,38,76
948,7,3,42,126
948,16,1,145,145
948,4,1,78,78
948,17,3,190,570
949,2,2,35,70
949,9,1,30,30
949,7,3,42,126
949,5,1,55,55
950,21,2,180,360
950,8,2,45,90
950,11,1,55,55
951,12,1,110,110
951,9,2,30,60
951,14,1,280,280
952,16,1,145,145
952,9,2,30,60
952,20,1,120,120
953,22,1,155,155
954,19,2,160,320
954,17,1,190,190
954,20,3,120,360
955,21,1,180,180
955,20,1,120,120
956,4,2,78,156
956,3,2,40,80
956,18,3,125,375
956,20,2,120,240
957,14,3,280,840
957,18,2,125,250
958,16,2,145,290
959,5,3,55,165
959,10,1,35,35
959,2,3,35,105
960,6,2,38,76
961,7,1,42,42
961,6,3,38,114
961,1,1,45,45
962,10,3,35,105
962,8,1,45,45
962,9,1,30,30
963,9,2,30,60
963,5,1,55,55
964,21,2,180,360
964,20,1,120,120
964,12,3,110,330
965,11,1,55,55
965,2,2,35,70
965,21,1,180,180
966,13,3,320,960
967,8,3,45,135
967,11,3,55,165
967,9,2,30,60
967,7,1,42,42
968,16,2,145,290
968,3,1,40,40
969,21,1,180,180
969,10,2,35,70
970,3,1,40,40
970,14,2,280,560
971,20,1,120,120
972,5,1,55,55
973,18,3,125,375
974,19,2,160,320
974,15,2,165,330
974,6,1,38,38
974,10,1,35,35
975,2,1,35,35
976,8,1,45,45
977,8,3,45,135
977,22,3,155,465
977,13,1,320,320
978,3,1,40,40
978,20,2,120,240
978,11,1,55,55
979,20,2,120,240
979,6,1,38,38
979,22,3,155,465
980,16,2,145,290
980,22,3,155,465
980,12,1,110,110
981,13,3,320,960
981,15,2,165,330
982,11,1,55,55
983,16,2,145,290
983,14,1,280,280
983,20,3,120,360
983,21,1,180,180
984,18,3,125,375
984,8,3,45,135
984,13,2,320,640
984,3,3,40,120
985,8,2,45,90
986,4,2,78,156
986,2,2,35,70
987,7,1,42,42
987,8,3,45,135
988,14,2,280,560
989,20,2,120,240
989,6,1,38,38
989,1,1,45,45
989,5,1,55,55
990,16,3,145,435
990,5,3,55,165
991,10,1,35,35
992,1,2,45,90
992,13,3,320,960
993,8,2,45,90
993,14,1,280,280
993,6,3,38,114
994,8,2,45,90
995,16,2,145,290
995,11,1,55,55
995,21,1,180,180
995,13,2,320,640
996,12,3,110,330
997,3,1,40,40
998,8,2,45,90
999,2,2,35,70
1000,11,3,55,165
1000,13,2,320,640
1001,17,1,190,190
1002,5,2,55,110
1002,22,1,155,155
1003,6,3,38,114
1003,17,3,190,570
1004,10,2,35,70
1004,12,1,110,110
1004,20,3,120,360
1005,4,3,78,234
1005,1,1,45,45
1005,5,2,55,110
1005,10,1,35,35
1006,19,1,160,160
1006,12,1,110,110
1006,3,3,40,120
1007,4,2,78,156
1007,19,1,160,160
1008,15,3,165,495
1008,12,3,110,330
1009,9,3,30,90
1009,22,1,155,155
1009,2,3,35,105
1009,20,1,120,120
1010,13,2,320,640
1010,6,1,38,38
1010,19,1,160,160
1011,15,1,165,165
1011,21,1,180,180
1011,18,3,125,375
1011,4,1,78,78
1012,11,2,55,110
1013,15,1,165,165
1013,2,2,35,70
1013,18,1,125,125
1014,2,1,35,35
1014,12,1,110,110
1014,14,1,280,280
1014,16,1,145,145
1015,3,2,40,80
1015,9,1,30,30
1016,22,1,155,155
1016,9,1,30,30
1017,12,2,110,220
1017,14,2,280,560
1018,1,1,45,45
1018,18,3,125,375
1018,20,3,120,360
1018,7,3,42,126
1019,15,2,165,330
1019,5,2,55,110
1020,15,1,165,165
1021,7,3,42,126
1021,14,3,280,840
1022,22,1,155,155
1022,19,2,160,320
1023,21,2,180,360
1023,15,3,165,495
1023,14,2,280,560
1023,12,3,110,330
1024,18,1,125,125
1024,20,3,120,360
1025,20,1,120,120
1025,4,1,78,78
1025,3,3,40,120
1026,21,2,180,360
1027,8,3,45,135
1027,15,2,165,330
1028,21,1,180,180
1028,13,3,320,960
1028,1,2,45,90
1028,12,2,110,220
1029,2,3,35,105
1029,1,3,45,135
1029,5,3,55,165
1029,12,2,110,220
1030,7,1,42,42
1030,20,3,120,360
1030,21,2,180,360
1030,13,1,320,320
1031,14,1,280,280
1031,8,3,45,135
1032,18,1,125,125
1032,6,1,38,38
1032,11,1,55,55
1033,19,2,160,320
1034,6,1,38,38
1034,8,2,45,90
1034,21,1,180,180
1035,22,1,155,155
1035,2,1,35,35
1035,9,3,30,90
1036,4,1,78,78
1037,7,2,42,84
1037,13,1,320,320
1037,4,2,78,156
1038,13,1,320,320
1038,11,1,55,55
1038,21,2,180,360
1038,15,1,165,165
1039,12,3,110,330
1039,16,3,145,435
1039,20,1,120,120
1040,18,1,125,125
1041,1,1,45,45
1041,11,1,55,55
1042,7,3,42,126
1042,3,2,40,80
1042,12,2,110,220
1042,18,3,125,375
1043,7,3,42,126
1043,22,2,155,310
1044,16,2,145,290
1044,14,2,280,560
1045,14,2,280,560
1045,7,3,42,126
1045,19,1,160,160
1045,12,2,110,220
1046,10,2,35,70
1046,20,2,120,240
1046,21,1,180,180
1046,17,1,190,190
1047,3,3,40,120
1047,7,2,42,84
1048,11,1,55,55
1049,10,1,35,35
1049,20,1,120,120
1049,7,3,42,126
1049,17,2,190,380
1050,22,1,155,155
1050,14,1,280,280
1050,11,2,55,110
1050,7,2,42,84
1051,20,3,120,360
1051,11,2,55,110
1052,15,2,165,330
1053,11,3,55,165
1054,9,2,30,60
1054,11,1,55,55
1054,12,3,110,330
1055,16,3,145,435
1055,21,1,180,180
1055,4,1,78,78
1055,12,1,110,110
1056,8,3,45,135
1056,6,2,38,76
1056,3,3,40,120
1056,7,1,42,42
1057,10,1,35,35
1058,5,2,55,110
1058,19,1,160,160
1059,22,3,155,465
1059,4,2,78,156
1059,17,3,190,570
1059,8,2,45,90
1060,10,3,35,105
1060,3,1,40,40
1060,12,3,110,330
1061,2,1,35,35
1061,7,2,42,84
1061,1,2,45,90
1061,22,1,155,155
1062,10,1,35,35
1062,15,3,165,495
1062,21,1,180,180
1063,13,1,320,320
1063,7,2,42,84
1064,5,2,55,110
1065,9,2,30,60
1065,1,3,45,135
1066,12,2,110,220
1067,2,2,35,70
1067,15,1,165,165
1067,9,1,30,30
1068,13,3,320,960
1068,6,2,38,76
1069,21,1,180,180
1070,8,1,45,45
1070,3,2,40,80
1070,18,1,125,125
1071,8,3,45,135
1072,21,2,180,360
1072,10,3,35,105
1072,20,1,120,120
1073,8,3,45,135
1073,6,1,38,38
1073,11,1,55,55
1074,14,2,280,560
1074,11,1,55,55
1074,1,1,45,45
1074,6,3,38,114
1075,8,1,45,45
1075,16,3,145,435
1075,4,3,78,234
1075,2,2,35,70
1076,4,2,78,156
1077,22,2,155,310
1077,16,2,145,290
1077,9,1,30,30
1078,4,3,78,234
1078,9,3,30,90
1078,22,1,155,155
1078,17,1,190,190
1079,1,2,45,90
1079,8,1,45,45
1079,19,3,160,480
1079,14,1,280,280
1080,17,2,190,380
1080,6,2,38,76
1080,9,2,30,60
1080,22,3,155,465
1081,20,2,120,240
1081,4,3,78,234
1081,14,2,280,560
1082,17,3,190,570
1082,10,3,35,105
1083,1,1,45,45
1083,15,2,165,330
1083,2,3,35,105
1084,22,2,155,310
1084,1,1,45,45
1084,2,2,35,70
1085,9,1,30,30
1086,16,2,145,290
1087,4,2,78,156
1087,9,1,30,30
1087,10,3,35,105
1087,20,2,120,240
1088,9,2,30,60
1088,5,3,55,165
1089,18,1,125,125
1089,6,1,38,38
1089,13,3,320,960
1089,14,2,280,560
1090,14,3,280,840
1090,15,1,165,165
1090,1,2,45,90
1091,5,3,55,165
1091,20,2,120,240
1091,18,1,125,125
1092,2,1,35,35
1092,3,2,40,80
1092,9,3,30,90
1092,21,1,180,180
1093,19,3,160,480
1094,18,1,125,125
1094,16,1,145,145
1095,16,3,145,435
1096,17,1,190,190
1097,13,2,320,640
1097,2,2,35,70
1097,4,1,78,78
1097,10,1,35,35
1098,14,1,280,280
1099,16,2,145,290
1099,10,3,35,105
1100,4,1,78,78
1100,15,2,165,330
1100,14,2,280,560
1100,5,1,55,55
1101,2,3,35,105
1101,12,2,110,220
1101,5,2,55,110
1101,15,1,165,165
1102,17,1,190,190
1102,3,2,40,80
1102,6,3,38,114
1102,21,3,180,540
1103,13,2,320,640
1103,3,2,40,80
1103,21,2,180,360
1104,5,3,55,165
1104,11,2,55,110
1104,19,3,160,480
1105,8,3,45,135
1105,4,1,78,78
1106,8,1,45,45
1106,4,3,78,234
1107,4,2,78,156
1107,2,2,35,70
1107,3,3,40,120
1108,13,3,320,960
1108,5,1,55,55
1108,21,1,180,180
1108,19,2,160,320
1109,14,1,280,280
1109,17,1,190,190
1110,5,1,55,55
1111,6,3,38,114
1111,22,2,155,310
1111,21,1,180,180
1112,3,2,40,80
1112,15,3,165,495
1113,4,1,78,78
1113,16,3,145,435
1113,8,3,45,135
1114,3,1,40,40
1114,6,3,38,114
1114,10,3,35,105
1115,20,3,120,360
1115,2,2,35,70
1115,18,2,125,250
1115,4,3,78,234
1116,2,3,35,105
1116,5,3,55,165
1116,7,2,42,84
1117,12,1,110,110
1118,5,1,55,55
1118,9,2,30,60
1118,2,3,35,105
1118,4,1,78,78
1119,2,1,35,35
1120,2,3,35,105
1120,13,2,320,640
1120,5,3,55,165
1120,14,1,280,280
1121,11,1,55,55
1121,14,1,280,280
1122,1,3,45,135
1123,6,2,38,76
1123,10,3,35,105
1123,2,3,35,105
1123,11,1,55,55
1124,22,1,155,155
1125,8,2,45,90
1125,15,3,165,495
1125,10,2,35,70
1126,2,2,35,70
1127,5,1,55,55
1127,17,2,190,380
1128,15,2,165,330
1128,21,1,180,180
1129,10,3,35,105
1129,3,2,40,80
1129,2,2,35,70
1129,9,1,30,30
1130,6,1,38,38
1130,22,3,155,465
1130,14,2,280,560
1130,18,1,125,125
1131,1,3,45,135
1131,11,3,55,165
1132,22,2,155,310
1132,10,3,35,105
1132,18,3,125,375
1132,15,3,165,495
1133,5,2,55,110
1133,1,3,45,135
1134,2,2,35,70
1134,20,3,120,360
1134,9,2,30,60
1134,12,3,110,330
1135,9,2,30,60
1135,6,1,38,38
1135,15,2,165,330
1136,14,3,280,840
1136,2,1,35,35
1137,6,1,38,38
1137,9,3,30,90
1137,16,1,145,145
1137,5,1,55,55
1138,6,3,38,114
1139,2,2,35,70
1139,9,1,30,30
1140,12,1,110,110
1140,4,3,78,234
1141,19,2,160,320
1141,12,1,110,110
1141,22,3,155,465
1142,11,2,55,110
1142,14,2,280,560
1142,21,2,180,360
1143,19,1,160,160
1143,1,3,45,135
1144,7,1,42,42
1144,13,3,320,960
1144,19,3,160,480
1145,18,3,125,375
1145,4,2,78,156
1145,17,3,190,570
1145,2,3,35,105
1146,8,1,45,45
1146,11,2,55,110
1146,12,2,110,220
1147,12,3,110,330
1148,15,1,165,165
1148,14,3,280,840
1149,20,2,120,240
1149,9,2,30,60
1150,19,3,160,480
1150,16,1,145,145
1151,9,1,30,30
1151,18,1,125,125
1151,16,2,145,290
1151,4,1,78,78
1152,14,3,280,840
1152,12,3,110,330
1152,5,1,55,55
1152,13,3,320,960
1153,3,3,40,120
1154,10,3,35,105
1154,16,3,145,435
1154,5,3,55,165
1154,6,1,38,38
1155,13,3,320,960
1155,11,3,55,165
1155,15,3,165,495
1155,6,2,38,76
1156,10,1,35,35
1156,11,1,55,55
1156,13,3,320,960
1156,6,3,38,114
1157,4,1,78,78
1157,12,1,110,110
1157,10,2,35,70
1158,20,3,120,360
1158,4,2,78,156
1158,8,1,45,45
1159,18,3,125,375
1160,19,3,160,480
1160,14,1,280,280
1160,15,2,165,330
1161,16,2,145,290
1161,9,3,30,90
1161,3,3,40,120
1161,5,1,55,55
1162,11,1,55,55
1163,11,1,55,55
1164,21,3,180,540
1165,9,1,30,30
1165,16,2,145,290
1166,17,3,190,570
1167,6,2,38,76
1167,2,3,35,105
1168,16,1,145,145
1168,17,2,190,380
1168,22,1,155,155
1169,18,1,125,125
1169,16,1,145,145
1169,10,1,35,35
1170,4,3,78,234
1170,6,1,38,38
1170,15,2,165,330
1170,11,3,55,165
1171,22,2,155,310
1171,8,3,45,135
1171,1,1,45,45
1171,10,2,35,70
1172,15,1,165,165
1172,14,2,280,560
1172,13,2,320,640
1172,9,3,30,90
1173,8,1,45,45
1173,19,3,160,480
1173,6,1,38,38
1173,18,3,125,375
1174,13,1,320,320
1175,17,1,190,190
1176,10,2,35,70
1176,6,2,38,76
1177,1,3,45,135
1178,10,3,35,105
1178,1,3,45,135
1178,8,1,45,45
1179,5,3,55,165
1179,9,3,30,90
1179,3,3,40,120
1179,17,2,190,380
1180,7,2,42,84
1180,20,3,120,360
1180,10,3,35,105
1180,11,1,55,55
1181,13,1,320,320
1181,10,2,35,70
1181,14,3,280,840
1181,3,2,40,80
1182,1,3,45,135
1182,16,3,145,435
1182,13,1,320,320
1182,12,2,110,220
1183,16,3,145,435
1183,19,2,160,320
1183,4,2,78,156
1184,7,3,42,126
1184,16,1,145,145
1185,2,2,35,70
1185,16,2,145,290
1186,1,2,45,90
1186,9,3,30,90
1186,7,2,42,84
1186,18,2,125,250
1187,4,2,78,156
1188,6,1,38,38
1189,21,2,180,360
1189,17,1,190,190
1190,10,2,35,70
1190,22,3,155,465
1190,9,2,30,60
1190,17,3,190,570
1191,20,3,120,360
1191,12,3,110,330
1192,6,3,38,114
1192,17,2,190,380
1193,1,2,45,90
1194,11,2,55,110
1194,4,3,78,234
1194,2,1,35,35
1194,20,1,120,120
1195,7,2,42,84
1196,9,1,30,30
1196,18,1,125,125
1196,21,3,180,540
1196,22,1,155,155
1197,5,3,55,165
1198,20,1,120,120
1198,22,1,155,155
1198,16,1,145,145
1199,16,2,145,290
1199,1,1,45,45
1200,11,1,55,55
1200,10,3,35,105
1200,17,2,190,380
1200,4,2,78,156
